<annotation>
	<folder>rbt</folder>
	<filename>1.jpeg</filename>
	<path>C:\Users\hp\OneDrive\Desktop\rbt\1.jpeg</path>
	<source>
		<database>Unknown</database>
	</source>
	<size>
		<width>899</width>
		<height>1599</height>
		<depth>3</depth>
	</size>
	<segmented>0</segmented>
	<object>
		<name>tractiune</name>
		<pose>Unspecified</pose>
		<truncated>0</truncated>
		<difficult>0</difficult>
		<bndbox>
			<xmin>104</xmin>
			<ymin>158</ymin>
			<xmax>355</xmax>
			<ymax>1390</ymax>
		</bndbox>
	</object>
</annotation>
