<annotation>
	<folder>rbt</folder>
	<filename>2.3.jpeg</filename>
	<path>C:\Users\hp\OneDrive\Desktop\rbt\2.3.jpeg</path>
	<source>
		<database>Unknown</database>
	</source>
	<size>
		<width>899</width>
		<height>1599</height>
		<depth>3</depth>
	</size>
	<segmented>0</segmented>
	<object>
		<name>torsiune</name>
		<pose>Unspecified</pose>
		<truncated>0</truncated>
		<difficult>0</difficult>
		<bndbox>
			<xmin>248</xmin>
			<ymin>433</ymin>
			<xmax>555</xmax>
			<ymax>1299</ymax>
		</bndbox>
	</object>
</annotation>
