<annotation>
	<folder>rbt</folder>
	<filename>3.3.jpeg</filename>
	<path>C:\Users\hp\OneDrive\Desktop\rbt\3.3.jpeg</path>
	<source>
		<database>Unknown</database>
	</source>
	<size>
		<width>898</width>
		<height>1600</height>
		<depth>3</depth>
	</size>
	<segmented>0</segmented>
	<object>
		<name>fibra</name>
		<pose>Unspecified</pose>
		<truncated>0</truncated>
		<difficult>0</difficult>
		<bndbox>
			<xmin>43</xmin>
			<ymin>104</ymin>
			<xmax>450</xmax>
			<ymax>1521</ymax>
		</bndbox>
	</object>
</annotation>
