<annotation>
	<folder>rbt</folder>
	<filename>3.5.jpeg</filename>
	<path>C:\Users\hp\OneDrive\Desktop\rbt\3.5.jpeg</path>
	<source>
		<database>Unknown</database>
	</source>
	<size>
		<width>899</width>
		<height>1599</height>
		<depth>3</depth>
	</size>
	<segmented>0</segmented>
	<object>
		<name>fibra</name>
		<pose>Unspecified</pose>
		<truncated>0</truncated>
		<difficult>0</difficult>
		<bndbox>
			<xmin>240</xmin>
			<ymin>446</ymin>
			<xmax>550</xmax>
			<ymax>1380</ymax>
		</bndbox>
	</object>
</annotation>
